,active,confirmed,country_region,deaths,last_update,lat,long,recovered,country,iso3,inform_risk,inform_p2p_hazard_and_exposure_dimension,population_density,population_living_in_urban_areas,proportion_of_population_with_basic_handwashing_facilities_on_premises,people_using_at_least_basic_sanitation_services,inform_vulnerability,inform_health_conditions,inform_epidemic_vulnerability,mortality_rate_under_5,prevalence_of_undernourishment,inform_lack_of_coping_capacity,inform_access_to_healthcare,inform_epidemic_lack_of_coping_capacity,physicians_density,current_health_expenditure_per_capita,maternal_mortality_ratio
0,4895.0,5687.0,Australia,35.0,4/5/2020 18:30,-25.0,133.0,757.0,Australia,AUS,2.3,2.5,3.25,86.012,No data,99.99115,2.2,0.1,5.8,3.5,2.4,2.1,0.5,1.1,35.87,4529.89,6
1,8849.0,12051.0,Austria,204.0,4/5/2020 18:24,47.5162,14.5501,2998.0,Austria,AUT,1.6,2.5,107.21,58.297,No data,99.97291,2.6,0.1,4.1,3.599999905,2.4,1.4,0.5,2.3,51.44,5295.18,4
2,0.0,14426.0,Canada,259.0,4/5/2020 18:30,60.001000000000005,-95.001,3000.0,Canada,CAN,2.4,2.4,4.08,81.411,No data,99.28601,2.3,0.1,6.5,5.099999905,2.4,2.3,1.5,1.2,26.1,4718.3,7
3,2062.0,82602.0,China,3333.0,4/5/2020 9:23,30.5928,114.3055,77207.0,China,CHN,4.3,4.5,148.35,59.152,No data,84.76079,3.1,0.4,5.6,9.300000191,8.5,3.6,3.4,2.0,17.86,761.49,27
4,2953.0,4561.0,Denmark,179.0,4/5/2020 18:24,56.0,10.0,1429.0,Denmark,DNK,1.1,3.9,138.07,87.874,No data,99.59723000000001,1.8,0.1,5.7,4.300000191,2.4,1.3,0.2,1.2,44.57,5092.98,6
5,1599.0,1927.0,Finland,28.0,4/5/2020 18:24,61.9241,25.7482,300.0,Finland,FIN,0.6,2.3,18.16,85.382,No data,99.44784,1.6,0.1,4.8,2.299999952,2.4,1.4,0.6,1.6,38.08,4112.05,3
6,67696.0,90868.0,France,7575.0,4/5/2020 18:24,46.2276,2.2137,15597.0,France,FRA,2.3,2.8,122.34,80.444,No data,98.65001,2.8,0.3,3.4,4.199999809,2.4,1.9,0.9,5.5,32.35,4782.29,8
7,68545.0,98772.0,Germany,1527.0,4/5/2020 18:24,51.1657,10.4515,28700.0,Germany,DEU,2.0,2.8,237.37,77.312,No data,99.22504,3.4,0.1,5.2,3.700000048,2.4,1.5,0.4,4.0,42.09,5463.33,6
8,1054.0,1486.0,Iceland,4.0,4/5/2020 18:24,64.9631,-19.0208,428.0,Iceland,ISL,1.2,3.8,3.53,93.813,No data,98.78217,0.8,0.1,7.7,2.099999905,2.4,1.9,0.4,2.7,39.7,4245.11,3
9,4811.0,4994.0,Ireland,158.0,4/5/2020 18:24,53.1424,-7.6921,25.0,Ireland,IRL,1.4,3.1,70.45,63.17,No data,91.24518,1.3,0.2,5.5,3.5,2.4,1.9,0.9,2.5,30.86,5299.65,8
10,91246.0,128948.0,Italy,15887.0,4/5/2020 18:24,41.8719,12.5674,21815.0,Italy,ITA,2.6,2.8,205.45,70.438,No data,98.77243,2.5,0.2,5.2,3.400000095,2.4,2.2,0.4,8.2,40.93,3427.31,4
11,15920.0,17953.0,Netherlands,1771.0,4/5/2020 18:24,52.3167,5.55,262.0,Netherlands,NLD,1.4,3.5,511.46,91.49,No data,97.71361,2.1,0.1,5.9,3.900000095,2.4,1.3,0.6,1.1,35.07,5251.24,7
12,5584.0,5687.0,Norway,71.0,4/5/2020 18:24,60.472,8.4689,32.0,Norway,NOR,0.9,2.5,14.55,82.248,No data,98.05439,2.1,0.2,5.7,2.599999905,2.4,1.6,0.3,5.3,46.34,6203.45,5
13,6224.0,6830.0,Sweden,401.0,4/5/2020 18:24,60.1282,18.6435,205.0,Sweden,SWE,1.5,3.7,25.0,87.431,No data,99.29552,3.1,0.2,6.8,2.799999952,2.4,1.5,0.1,0.9,54,5386.73,4
14,14000.0,21100.0,Switzerland,685.0,4/5/2020 18:24,46.8182,8.2275,6415.0,Switzerland,CHE,1.4,3.7,215.52,73.797,No data,99.89036999999999,2.4,0.2,6.2,4.199999809,2.4,0.9,0.4,4.7,42.36,7867.39,5
15,43234.0,48406.0,United Kingdom,4943.0,4/5/2020 18:24,55.0,-3.0,229.0,United Kingdom,GBR,1.8,3.2,274.83,83.398,No data,99.11029,2.2,0.3,5.2,4.300000191,2.4,1.5,1.1,1.3,28.06,4177.81,9
16,327.0,349.0,Afghanistan,7.0,4/5/2020 18:24,33.93911,67.709953,15.0,Afghanistan,AFG,8.0,6.2,56.94,25.495,37.75,43.417609999999996,8.2,2.1,4.5,67.90000153,29.8,7.2,7.6,6.7,2.84,162.78,396
17,237.0,361.0,Albania,20.0,4/5/2020 18:24,41.1533,20.1683,104.0,Albania,ALB,3.0,3.6,104.61,60.319,No data,97.71837,1.6,0.2,3.7,8.800000191,6.2,4.2,3.7,4.9,12,759.67,29
18,1078.0,1320.0,Algeria,152.0,4/5/2020 18:24,28.0339,1.6596,90.0,Algeria,DZA,4.0,4.3,17.73,72.629,83.74,87.58657,2.9,0.4,5.9,24,3.9,4.4,3.8,3.6,18.3,998.15,140
19,6.0,10.0,Angola,2.0,4/5/2020 18:24,-11.2027,17.8739,2.0,Angola,AGO,5.2,6.7,24.71,65.514,26.66,49.876979999999996,5.0,5,5.8,81.09999847,25.0,7.1,8.1,5.4,2.15,185.82,477
20,15.0,15.0,Antigua and Barbuda,0.0,4/5/2020 18:24,17.0608,-61.7964,0.0,Antigua and Barbuda,ATG,2.3,2.8,218.83,24.599,No data,87.50428000000001,1.7,0,3.5,7.400000095,18.1,3.8,4.3,3.2,27.65,976.39,No data
21,1127.0,1451.0,Argentina,44.0,4/5/2020 18:24,-38.4161,-63.6167,280.0,Argentina,ARG,2.7,3.3,16.26,91.87,No data,94.25851,1.9,0.3,5.6,10.39999962,4.6,3.5,2.1,3.3,39.6,1531.04,52
22,758.0,822.0,Armenia,7.0,4/5/2020 18:24,40.0691,45.0382,57.0,Armenia,ARM,3.6,3.3,103.68,63.149,94.04,93.64231,2.6,0.3,4.1,12.60000038,4.3,4.8,2.7,2.9,28.99,876.86,25
23,545.0,584.0,Azerbaijan,7.0,4/5/2020 18:24,40.1431,47.5769,32.0,Azerbaijan,AZE,4.6,4.1,120.27,55.68,83.24,92.51145,4.1,0.8,6.2,23,2.4,4.7,2.1,3.2,34.47,1193.06,25
24,24.0,28.0,Bahamas,4.0,4/5/2020 18:24,25.025885,-78.035889,0.0,Bahamas,BHS,2.2,3.4,38.53,83.025,No data,94.93058,1.8,1.6,4.7,7.199999809,18.1,3.2,3.3,2.7,19.37,1435.57,80
25,267.0,698.0,Bahrain,4.0,4/5/2020 18:24,26.0275,50.55,427.0,Bahrain,BHR,1.3,6.4,2017.27,89.287,No data,100.0,1.1,0.1,4.4,7.300000191,7.1,3.2,3,1.9,9.26,1866.3,15
26,46.0,88.0,Bangladesh,9.0,4/5/2020 18:24,23.685,90.3563,33.0,Bangladesh,BGD,6.0,5.8,1239.58,36.632,34.81,48.23324,5.7,2,7.8,32.40000153,14.7,5.1,5.2,3.9,5.27,90.6,176
27,49.0,56.0,Barbados,1.0,4/5/2020 18:24,13.1939,-59.5432,6.0,Barbados,BRB,1.9,3.0,666.61,31.147,88.47,97.27938,1.4,1.1,5.7,12.39999962,3.9,2.5,3,1.7,24.89,1322.99,27
28,502.0,562.0,Belarus,8.0,4/5/2020 18:24,53.7098,27.9534,52.0,Belarus,BLR,1.9,2.7,46.73,78.595,No data,97.79096,1.2,0.6,5.5,3.700000048,2.4,2.9,1.6,2.1,40.77,1151.41,4
29,14493.0,19691.0,Belgium,1447.0,4/5/2020 18:24,50.8333,4.469936,3751.0,Belgium,BEL,1.9,3.4,377.21,98.001,No data,99.48606,1.9,0.1,5.8,3.799999952,2.4,1.8,0.7,1.7,33.23,4667.88,7
30,5.0,5.0,Belize,0.0,4/5/2020 18:24,17.1899,-88.4976,0.0,Belize,BLZ,3.7,3.2,16.79,45.724,90.08,87.85852,3.1,1.3,5.5,14.19999981,7.5,5.2,4.4,4.9,11.26,541.43,28
31,17.0,22.0,Benin,0.0,4/5/2020 18:24,9.3077,2.3158,5.0,Benin,BEN,4.4,7.1,101.85,47.312,11.03,16.452920000000002,5.1,4.5,5.9,98.30000305,10.1,6.8,6.9,6.9,1.57,83.48,405
32,3.0,5.0,Bhutan,0.0,4/5/2020 18:24,27.5142,90.4336,2.0,Bhutan,BTN,3.1,3.9,19.78,40.895,79.81,69.25394,3.4,1.5,6.2,30.79999924,14.9,4.4,5,3.7,3.71,293.11,148
33,145.0,157.0,Bolivia,10.0,4/5/2020 18:24,-16.2902,-63.5887,2.0,Bolivia,BOL,4.3,4.5,10.48,69.425,25.38,60.71694,3.5,1.1,5.2,34.90000153,17.1,5.3,4.9,4.0,16.11,496.31,206
34,601.0,654.0,Bosnia and Herzegovina,23.0,4/5/2020 18:24,43.9159,17.6791,30.0,Bosnia and Herzegovina,BIH,3.6,2.6,64.92,48.245,97.16,95.36024,3.7,0.3,2.8,5.699999809,2.4,4.5,3.8,4.4,20,1123.43,11
35,5.0,6.0,Botswana,1.0,4/5/2020 18:24,-22.3285,24.6849,0.0,Botswana,BWA,3.2,3.9,3.98,69.446,No data,77.26921999999999,3.4,4.2,5.1,37.59999847,26.4,4.6,4.9,5.2,3.69,931.3,129
36,9986.0,10568.0,Brazil,455.0,4/5/2020 18:24,-14.235,-51.9253,127.0,Brazil,BRA,4.3,3.4,25.06,86.569,No data,88.29385,3.3,0.7,5.0,14.80000019,2.4,4.3,3.5,2.5,21.5,1777.47,44
37,474.0,531.0,Bulgaria,20.0,4/5/2020 18:24,42.7339,25.4858,37.0,Bulgaria,BGR,2.4,2.7,64.7,75.008,No data,86.0037,2.3,0.2,3.5,7.5,3.6,3.0,1.5,3.1,39.88,1577.94,11
38,238.0,345.0,Burkina Faso,17.0,4/5/2020 18:24,12.2383,-1.5616,90.0,Burkina Faso,BFA,5.3,7.7,72.19,29.358,11.88,19.40209,5.8,4,5.5,81.19999695,20.0,6.6,6.9,5.8,0.6,115.6,371
39,3.0,3.0,Burundi,0.0,4/5/2020 18:24,-3.3731,29.9189,0.0,Burundi,BDI,6.2,7.0,435.18,13.032,6.14,45.8212,6.6,3.5,5.7,61.20000076,36.8,6.8,7.5,7.0,0.5,50.25,712
40,6.0,7.0,Cabo Verde,1.0,4/5/2020 18:24,16.5388,-23.0418,0.0,Cabo Verde,CPV,2.6,4.7,134.93,65.732,No data,73.85379,3.3,1.7,4.8,17.39999962,12.6,3.9,4.8,3.8,7.69,347.64,42
41,64.0,114.0,Cambodia,0.0,4/5/2020 18:24,11.55,104.9167,50.0,Cambodia,KHM,4.8,4.9,92.06,23.388,66.23,59.226969999999994,3.9,2.7,5.1,29.20000076,16.4,6.2,6.1,4.7,1.68,228.57,161
42,529.0,555.0,Cameroon,9.0,4/5/2020 18:24,3.8480000000000003,11.5021,17.0,Cameroon,CMR,6.0,7.0,53.34,56.374,2.73,39.07555,6.6,6.3,5.6,84,9.9,6.0,7.1,5.2,0.9,169.29,596
43,8.0,8.0,Central African Republic,0.0,4/5/2020 18:24,6.6111,20.9394,0.0,Central African Republic,CAF,8.6,5.5,7.49,41.364,16.6,25.319670000000002,9.0,8.8,5.9,121.5,59.6,8.7,9.6,8.1,0.63,29.91,882
44,9.0,9.0,Chad,0.0,4/5/2020 18:24,15.4542,18.7322,0.0,Chad,TCD,7.3,7.1,12.29,23.059,5.82,8.34248,7.6,3.6,5.4,123.1999969,37.5,8.9,9.8,7.6,0.47,94.95,856
45,3819.0,4471.0,Chile,34.0,4/5/2020 18:24,-35.6751,-71.543,618.0,Chile,CHL,3.0,3.7,25.19,87.564,No data,100.0,2.0,0.6,4.6,7.400000095,2.7,3.0,3,2.3,10.8,2002.01,22
46,1365.0,1485.0,Colombia,35.0,4/5/2020 18:24,4.5709,-74.2973,85.0,Colombia,COL,5.4,4.1,44.75,80.778,65.39,89.62536,6.0,0.6,4.6,14.69999981,4.8,3.8,3.6,2.7,20.84,829.8,64
47,420.0,435.0,Costa Rica,2.0,4/5/2020 18:24,9.7489,-83.7534,13.0,Costa Rica,CRI,3.0,3.9,97.91,79.34,83.84,97.81836,2.9,0.3,4.6,9,4.8,2.6,3.5,2.0,11.5,1248.55,25
48,1042.0,1182.0,Croatia,15.0,4/5/2020 18:24,45.1,15.2,125.0,Croatia,HRV,2.1,2.4,73.08,56.947,No data,96.53844000000001,1.1,0.1,5.3,4.599999905,2.4,3.1,2,3.0,29.96,1705.21,8
49,297.0,320.0,Cuba,8.0,4/5/2020 18:24,21.521757,-77.78116700000001,15.0,Cuba,CUB,3.5,3.6,109.0,77.037,85.2,92.81024000000001,3.2,0.4,5.9,5.400000095,2.4,3.1,0.6,1.7,81.9,2457.67,39
50,400.0,446.0,Cyprus,9.0,4/5/2020 18:24,35.1264,33.4299,37.0,Cyprus,CYP,3.0,2.9,128.71,66.81,No data,99.15231,4.2,0.1,5.0,2.700000048,5.6,2.6,2.4,1.6,19.51,2270.83,7
51,50.0,59.0,Djibouti,0.0,4/5/2020 18:24,11.8251,42.5903,9.0,Djibouti,DJI,5.2,5.0,41.37,77.777,No data,63.60536,5.6,2.4,5.9,61.70000076,18.9,6.4,6.6,6.6,2.2,122.08,229
52,14.0,14.0,Dominica,0.0,4/5/2020 18:24,15.415,-61.371,0.0,Dominica,DMA,3.5,3.9,95.5,70.483,No data,77.89276,3.7,0.6,3.8,34,6.2,4.1,5.9,3.8,10.82,580.66,No data
53,1646.0,1745.0,Dominican Republic,82.0,4/5/2020 18:24,18.7357,-70.1627,17.0,Dominican Republic,DOM,3.8,4.7,219.98,81.074,55.18,83.89321,2.4,1.3,5.5,29.89999962,9.5,4.4,4.6,4.6,15.6,936.82,92
54,3366.0,3646.0,Ecuador,180.0,4/5/2020 18:24,-1.8312,-78.1834,100.0,Ecuador,ECU,4.0,3.9,68.79,63.821,80.63,87.98872,3.6,0.7,5.1,14.5,7.9,4.0,3.9,3.1,20.5,942.89,64
55,848.0,1173.0,Egypt,78.0,4/5/2020 18:24,26.820553000000004,30.802497999999996,247.0,Egypt,EGY,5.1,3.6,98.87,42.704,89.83,94.19301999999999,3.9,0.2,7.3,22.10000038,4.5,4.6,4.4,2.7,7.9,516.34,33
56,57.0,62.0,El Salvador,3.0,4/5/2020 18:24,13.7942,-88.8965,2.0,El Salvador,SLV,4.0,4.3,309.88,72.023,90.65,87.43356999999999,2.7,1.2,5.6,14.5,9.0,4.6,4.3,2.9,15.69,599.55,54
57,15.0,16.0,Equatorial Guinea,0.0,4/5/2020 18:24,1.6508,10.2679,1.0,Equatorial Guinea,GNQ,4.1,6.7,46.67,72.143,24.64,66.31279,3.2,6.4,4.7,89.59999847,10.5,7.4,7.5,7.3,4,838.74,342
58,29.0,29.0,Eritrea,0.0,4/5/2020 18:24,15.1794,39.7823,0.0,Eritrea,ERI,5.2,6.4,34.62,No data,No data,11.939969999999999,4.8,1.6,6.5,43.09999847,20.6,7.9,5.6,6.6,No data,55.33,501
59,1020.0,1097.0,Estonia,15.0,4/5/2020 18:24,58.5953,25.0136,62.0,Estonia,EST,0.9,2.3,30.39,68.88,No data,99.14656,0.9,0.8,2.8,2.700000048,2.9,1.9,1.5,2.5,34.65,1987.72,9
60,9.0,9.0,Eswatini,0.0,4/5/2020 18:24,-26.5225,31.4659,0.0,Eswatini,SWZ,3.9,5.1,66.06,23.799,24.1,58.351980000000005,4.5,4.9,7.5,70.40000153,20.6,5.4,5.9,4.7,0.8,663.25,389
61,37.0,43.0,Ethiopia,2.0,4/5/2020 18:24,9.145,40.4897,4.0,Ethiopia,ETH,6.9,7.4,109.22,20.763,7.96,7.316330000000001,6.6,3.1,5.5,58.5,20.6,6.8,7.1,1.9,1,69.52,353
62,12.0,12.0,Fiji,0.0,4/5/2020 18:24,-17.7134,178.065,0.0,Fiji,FJI,2.9,3.9,48.36,56.248,No data,95.07218,3.4,3.7,5.7,25.29999924,3.7,3.1,4.4,0.9,8.37,313.17,30
63,19.0,21.0,Gabon,1.0,4/5/2020 18:24,-0.8037,11.6094,1.0,Gabon,GAB,4.2,5.2,8.22,89.37,No data,47.41328,3.4,6.3,5.7,48.29999924,10.5,6.1,6.2,6.4,3.61,555.63,291
64,1.0,4.0,Gambia,1.0,4/5/2020 18:24,13.4432,-15.3101,2.0,Gambia,GMB,4.2,7.5,225.31,61.27,7.88,39.23115,5.4,2.3,4.8,63.59999847,10.2,5.6,7.5,3.0,1.08,74.31,706
65,136.0,174.0,Georgia,2.0,4/5/2020 18:24,42.3154,43.3569,36.0,Georgia,GEO,3.9,3.2,65.28,58.632,No data,90.02479,4.8,1,6.8,10.80000019,7.9,3.2,2.5,0.9,50.98,797.18,36
66,178.0,214.0,Ghana,5.0,4/5/2020 18:24,7.9465,-1.0232,31.0,Ghana,GHA,3.8,5.9,130.82,56.06,41.05,18.472170000000002,4.3,4.7,4.4,49.29999924,5.5,5.1,5.9,2.4,1.8,189.37,319
67,1584.0,1735.0,Greece,73.0,4/5/2020 18:24,39.0742,21.8243,78.0,Greece,GRC,3.1,2.7,83.22,79.058,No data,98.98319000000001,2.8,0.2,4.3,5.300000191,2.4,2.5,0.9,3.6,45.92,2261.16,3
68,12.0,12.0,Grenada,0.0,4/5/2020 18:24,12.1165,-61.678999999999995,0.0,Grenada,GRD,1.8,3.3,327.81,36.272,No data,91.49389000000001,1.6,0.1,5.1,16.70000076,18.1,3.9,4.1,5.0,14.47,745.1,27
69,44.0,61.0,Guatemala,2.0,4/5/2020 18:24,15.7835,-90.2308,15.0,Guatemala,GTM,5.7,4.9,160.95,51.054,76.67,65.06314,5.8,1.1,4.9,27.60000038,15.2,5.5,5.4,5.9,3.55,462.41,88
70,116.0,121.0,Guinea,0.0,4/5/2020 18:24,9.9456,-9.6966,5.0,Guinea,GIN,5.1,7.1,50.52,36.14,17.45,22.71927,4.4,5.4,5.3,85.69999695,16.5,7.4,9.1,6.6,0.79,107.72,679
71,18.0,18.0,Guinea-Bissau,0.0,4/5/2020 18:24,11.8037,-15.1804,0.0,Guinea-Bissau,GNB,4.6,6.5,66.65,43.36,6.4,20.538,5.6,5.6,4.1,84.19999695,28.0,7.9,6.9,3.4,2,97.97,549
72,20.0,24.0,Guyana,4.0,4/5/2020 18:24,4.860416000000001,-58.93018000000001,0.0,Guyana,GUY,3.4,2.3,3.96,26.606,77.16,85.7631,3.2,4,4.4,31.29999924,8.1,5.3,5,5.9,7.99,332.67,229
73,19.0,21.0,Haiti,1.0,4/5/2020 18:24,18.9712,-72.2852,1.0,Haiti,HTI,6.6,6.7,403.6,55.278,22.86,34.70445,6.3,3.3,4.1,71.69999695,49.3,7.3,7.9,4.2,2.35,95.44,359
74,240.0,268.0,Honduras,22.0,4/5/2020 18:24,15.2,-86.2419,6.0,Honduras,HND,5.3,4.5,85.69,57.096,84.17,81.25126,5.4,1.1,4.0,18.20000076,12.9,5.2,4.9,2.0,3.14,400.34,129
75,633.0,733.0,Hungary,34.0,4/5/2020 18:24,47.1625,19.5033,66.0,Hungary,HUN,1.9,2.7,107.91,71.351,No data,97.99088,1.5,0.1,4.6,4.5,2.4,2.2,1.4,2.4,32.31,1963.16,17
76,3260.0,3588.0,India,99.0,4/5/2020 18:24,20.593684,78.96288,229.0,India,IND,5.4,4.9,454.94,34.03,59.55,59.54345,4.9,2.2,7.0,39.40000153,14.5,4.3,5.6,2.7,7.78,241.48,174
77,1911.0,2273.0,Indonesia,198.0,4/5/2020 18:24,-0.7893,113.9213,164.0,Indonesia,IDN,4.7,4.7,147.75,55.325,64.2,73.12839,3.2,2.7,7.1,25.39999962,8.3,4.5,6,3.5,3.78,362.72,126
78,34887.0,58226.0,Iran,3603.0,4/5/2020 18:24,32.427908,53.68804599999999,19736.0,Iran,IRN,5.2,3.9,50.22,74.898,No data,88.42187,4.9,0.1,6.2,14.89999962,4.9,4.4,3.1,4.7,11.4,1563.75,25
79,621.0,961.0,Iraq,61.0,4/5/2020 18:24,33.223191,43.679291,279.0,Iraq,IRQ,7.0,4.3,88.53,70.473,94.58,94.12102,5.9,0.5,6.2,30.39999962,29.0,6.8,5.9,2.1,8.22,493.72,50
80,7493.0,8018.0,Israel,48.0,4/5/2020 18:24,31.046051000000002,34.851612,477.0,Israel,ISR,2.7,4.1,410.53,92.418,No data,100.00001,2.0,0.1,5.3,3.599999905,2.4,2.1,0.8,1.7,32.18,2843.04,5
81,45.0,55.0,Jamaica,3.0,4/5/2020 18:24,18.1096,-77.2975,7.0,Jamaica,JAM,3.1,3.8,270.99,55.674,66.42,87.3126,2.3,1.7,5.8,15.19999981,8.0,3.6,4.2,0.8,13.2,535.66,89
82,2548.0,3139.0,Japan,77.0,4/5/2020 18:24,36.204824,138.252924,514.0,Japan,JPN,2.3,3.2,347.07,91.616,No data,99.89471,1.5,0.2,4.5,2.599999905,2.4,1.5,1.1,3.5,24.12,4592.43,5
83,230.0,345.0,Jordan,5.0,4/5/2020 18:24,31.24,36.51,110.0,Jordan,JOR,4.6,4.7,112.14,90.979,No data,97.33975,6.3,0.1,4.9,17,12.2,4.3,3.3,3.0,23.44,494.75,58
84,536.0,584.0,Kazakhstan,6.0,4/5/2020 18:24,48.0196,66.9237,42.0,Kazakhstan,KAZ,1.9,2.6,6.77,57.428,99,97.8737,0.7,0.5,5.6,10,2.4,3.8,2.3,5.3,32.52,858.77,12
85,134.0,142.0,Kenya,4.0,4/5/2020 18:24,-0.0236,37.9062,4.0,Kenya,KEN,6.0,6.1,90.3,27.03,24.65,29.05112,6.0,4.6,5.7,45.59999847,29.4,6.2,7.7,5.0,1.99,143.54,510
86,456.0,556.0,Kuwait,1.0,4/5/2020 18:24,29.311659999999996,47.481766,99.0,Kuwait,KWT,1.8,4.9,232.17,100,No data,100.0,1.5,0.3,4.5,8.100000381,2.8,3.7,1,4.8,25.79,2899.26,4
87,137.0,147.0,Kyrgyzstan,1.0,4/5/2020 18:24,41.20438,74.766098,9.0,Kyrgyzstan,KGZ,3.9,3.6,32.93,36.351,89.22,96.50707,2.6,0.8,5.0,20,7.1,4.5,4.2,4.5,18.76,240.23,76
88,531.0,533.0,Latvia,1.0,4/5/2020 18:24,56.8796,24.6032,1.0,Latvia,LVA,1.5,2.4,30.98,68.142,No data,92.14826,1.2,0.7,4.6,4.199999809,2.4,2.6,2.1,3.2,31.95,1589.69,18
89,455.0,527.0,Lebanon,18.0,4/5/2020 18:24,33.8547,35.8623,54.0,Lebanon,LBN,5.2,4.6,669.49,88.593,No data,98.47664,6.1,0.1,5.8,7.800000191,11.0,4.2,3.9,5.4,22.71,1147.37,15
90,7.0,13.0,Liberia,3.0,4/5/2020 18:24,6.4280550000000005,-9.429499,3.0,Liberia,LBR,5.3,6.8,50.03,51.151,1.19,16.97352,6.2,4.8,5.0,74.69999695,37.2,7.6,7.5,5.5,0.37,133.15,725
91,17.0,18.0,Libya,1.0,4/5/2020 18:24,26.3351,17.228331,0.0,Libya,LBY,6.2,3.0,3.8,80.102,No data,100.0,4.4,0.4,3.4,12.39999962,10.4,6.7,3.4,1.2,21.58,627.31,9
92,76.0,77.0,Liechtenstein,1.0,4/5/2020 18:24,47.14,9.55,0.0,Liechtenstein,LIE,0.9,1.9,236.94,14.338,No data,99.95,0.8,x,4.4,No data,2.4,1.1,x,2.4,No data,No data,No data
93,791.0,811.0,Lithuania,13.0,4/5/2020 18:24,55.1694,23.8813,7.0,Lithuania,LTU,1.4,2.4,44.53,67.679,No data,93.35364,1.2,0.5,6.2,4.300000191,2.4,2.4,1.3,1.2,43.37,1978.27,10
94,2268.0,2804.0,Luxembourg,36.0,4/5/2020 18:24,49.8153,6.1296,500.0,Luxembourg,LUX,0.9,3.8,250.09,90.981,No data,97.60054000000001,1.3,0.3,4.9,2.599999905,2.4,1.3,0.9,6.8,30.27,6374.2,10
95,70.0,72.0,Madagascar,0.0,4/5/2020 18:24,-18.766947000000002,46.869107,2.0,Madagascar,MDG,5.2,6.8,45.14,37.191,50.54,10.50676,5.1,4,5.3,44.20000076,44.4,7.2,6.9,5.5,1.81,90.43,353
96,4.0,4.0,Malawi,0.0,4/5/2020 18:24,-13.254307999999998,34.301525,0.0,Malawi,MWI,4.9,6.4,192.44,16.937,8.7,26.22615,6.1,6.3,6.0,55.40000153,17.5,6.7,7.5,1.7,0.16,115.16,634
97,2596.0,3662.0,Malaysia,61.0,4/5/2020 18:24,4.210483999999999,101.97576600000001,1005.0,Malaysia,MYS,3.3,4.2,95.96,76.036,No data,99.57203,3.1,0.7,2.6,7.900000095,2.5,3.1,3.3,3.9,15.13,1052.55,40
98,6.0,19.0,Maldives,0.0,4/5/2020 18:24,3.2028,73.2207,13.0,Maldives,MDV,2.4,5.4,1718.99,39.808,95.8,99.37299999999999,1.9,0.3,4.4,7.900000095,10.3,4.2,3.2,6.5,10.38,1628.54,68
99,39.0,45.0,Mali,5.0,4/5/2020 18:24,17.570692,-3.9961660000000006,1.0,Mali,MLI,6.4,6.2,15.64,42.356,52.23,39.33542,6.1,4.3,6.6,106,6.3,6.7,8.1,2.3,1.39,81.18,587
100,222.0,227.0,Malta,0.0,4/5/2020 18:24,35.9375,14.3754,5.0,Malta,MLT,1.9,4.7,1511.03,94.612,No data,99.95599,2.1,0.1,3.5,6.400000095,2.4,2.4,0.5,5.4,38.26,3511.14,9
101,3.0,6.0,Mauritania,1.0,4/5/2020 18:24,21.0079,-10.9408,2.0,Mauritania,MRT,5.7,5.7,4.27,53.672,15.95,48.43549,6.2,1.5,5.2,79,10.4,6.5,7.3,2.9,1.79,163.92,602
102,213.0,227.0,Mauritius,7.0,4/5/2020 18:24,-20.348404000000002,57.552152,7.0,Mauritius,MUS,2.0,3.0,623.3,40.793,No data,95.50484,1.4,0.7,5.2,13.10000038,6.5,2.9,3.2,2.7,20.25,1206.74,53
103,1178.0,1890.0,Mexico,79.0,4/5/2020 18:24,23.6345,-102.5528,633.0,Mexico,MEX,5.1,3.9,64.91,80.156,87.85,91.18306,3.7,0.9,6.0,13.39999962,3.6,4.5,3.1,3.9,22.48,971.82,38
104,12.0,14.0,Mongolia,0.0,4/5/2020 18:24,46.8625,103.8467,2.0,Mongolia,MNG,2.8,3.7,2.04,68.445,71.18,58.47939,3.0,2.6,3.3,17.20000076,13.4,5.0,3.8,4.0,28.87,466.69,44
105,211.0,214.0,Montenegro,2.0,4/5/2020 18:24,42.708678000000006,19.37439,1.0,Montenegro,MNE,2.2,2.9,46.27,66.813,No data,97.77388,1.4,0.2,5.5,3.5,2.4,3.3,3.1,3.0,23.34,1333.93,7
106,850.0,990.0,Morocco,69.0,4/5/2020 18:24,31.7917,-7.0926,71.0,Morocco,MAR,4.1,4.8,80.73,62.453,No data,88.50364,3.3,0.5,5.8,23.29999924,3.4,4.8,4.5,5.1,7.27,465.7,121
107,9.0,10.0,Mozambique,0.0,4/5/2020 18:24,-18.665695,35.529562,1.0,Mozambique,MOZ,6.2,6.6,37.51,35.988,12.23,29.360290000000003,6.8,9.3,4.9,72.40000153,27.9,6.7,7.6,5.2,0.73,61.65,489
108,13.0,16.0,Namibia,0.0,4/5/2020 18:24,-22.9576,18.4904,3.0,Namibia,NAM,3.8,5.1,2.97,50.032,44.6,34.50374,4.7,5.9,4.4,44.20000076,27.3,5.0,5.2,5.8,No data,969.26,265
109,8.0,9.0,Nepal,0.0,4/5/2020 18:24,28.1667,84.25,1.0,Nepal,NPL,5.4,5.1,195.94,19.74,47.78,62.0536,4.7,2.3,6.6,33.70000076,8.7,5.8,6.2,0.9,6.51,155.97,258
110,882.0,1039.0,New Zealand,1.0,4/5/2020 18:24,-40.9006,174.886,156.0,New Zealand,NZL,1.6,3.1,18.55,86.538,No data,100.0,0.9,0.1,5.7,5.300000191,2.4,1.8,0.9,3.3,30.25,3664.72,11
111,5.0,6.0,Nicaragua,1.0,4/5/2020 18:24,12.865416,-85.207229,0.0,Nicaragua,NIC,5.2,4.3,53.73,58.522,No data,74.43473,3.6,1,5.6,17.20000076,17.0,5.2,4.7,5.6,10.06,484.53,150
112,136.0,144.0,Niger,8.0,4/5/2020 18:24,17.607789,8.081666,0.0,Niger,NER,6.7,7.0,17.72,16.425,8.98,13.56666,6.8,4.5,5.8,84.5,16.5,7.7,7.9,5.8,0.5,61.43,553
113,192.0,224.0,Nigeria,5.0,4/5/2020 18:24,9.082,8.6753,27.0,Nigeria,NGA,6.9,6.7,215.06,50.344,41.95,39.17175,6.1,6.1,6.1,100.1999969,13.4,6.5,9.3,0.9,3.83,213.74,814
114,514.0,555.0,North Macedonia,18.0,4/5/2020 18:24,41.6086,21.7453,23.0,North Macedonia,MKD,2.6,3.1,82.59,57.963,No data,99.12474,1.7,0.1,4.5,13.69999981,3.2,3.6,2.7,2.6,28.74,934.58,8
115,235.0,298.0,Oman,2.0,4/5/2020 18:24,21.512583,55.923255000000005,61.0,Oman,OMN,2.5,5.0,15.6,84.539,97.4,100.0,1.4,0.1,3.5,11.30000019,6.8,3.6,1.5,2.8,19.7,2826.85,17
116,2870.0,3123.0,Pakistan,45.0,4/5/2020 18:24,30.3753,69.3451,208.0,Pakistan,PAK,6.3,5.6,275.29,36.666,59.61,59.8695,5.8,1.8,5.3,74.90000153,20.3,5.6,6.3,4.5,9.75,144.12,178
117,1742.0,1801.0,Panama,46.0,4/5/2020 18:24,8.538,-80.7821,13.0,Panama,PAN,3.5,4.0,56.19,67.709,No data,83.31546,2.8,1,5.1,16.10000038,10.0,4.1,3.3,3.4,15.7,1750.3,94
118,1.0,1.0,Papua New Guinea,0.0,4/5/2020 18:24,-6.314993,143.95555,0.0,Papua New Guinea,PNG,5.8,5.6,19.0,13.169,No data,12.94927,5.1,5.7,3.2,53.40000153,8.9,7.3,6.7,4.0,No data,92.27,215
119,89.0,104.0,Paraguay,3.0,4/5/2020 18:24,-23.4425,-58.4438,12.0,Paraguay,PRY,3.3,2.7,17.51,61.585,79.6,89.78369,3.5,1.3,5.9,21,10.7,4.4,4.4,3.2,13.66,767.77,132
120,1284.0,2281.0,Peru,83.0,4/5/2020 18:24,-9.19,-75.0152,914.0,Peru,PER,4.6,4.2,24.99,77.907,No data,74.34295,4.2,0.9,5.3,15,9.7,4.5,4.8,2.8,12.7,681,68
121,3030.0,3246.0,Philippines,152.0,4/5/2020 18:24,12.879721,121.77401699999999,64.0,Philippines,PHL,5.3,4.7,357.69,46.907,78.46,76.5335,4.7,3.9,5.0,28.10000038,13.3,4.1,4.7,1.5,No data,342.29,114
122,3874.0,4102.0,Poland,94.0,4/5/2020 18:24,51.9194,19.1451,134.0,Poland,POL,1.7,2.6,124.04,60.058,No data,98.79661,1.4,0.2,4.0,4.699999809,2.4,2.8,2.2,2.5,24,1784.4,3
123,10908.0,11278.0,Portugal,295.0,4/5/2020 18:24,39.3999,-8.2245,75.0,Portugal,PRT,1.6,2.7,112.24,65.211,No data,99.60893,1.1,0.3,4.3,3.700000048,2.4,1.9,0.8,3.0,33.36,2778.42,10
124,1477.0,1604.0,Qatar,4.0,4/5/2020 18:24,25.3548,51.1839,123.0,Qatar,QAT,1.3,5.0,239.59,99.135,No data,100.0,1.0,0.3,5.9,7.599999905,2.8,2.9,2.7,2.7,0.01,3926.12,13
125,3339.0,3864.0,Romania,151.0,4/5/2020 18:24,45.9432,24.9668,374.0,Romania,ROU,2.8,2.6,84.64,53.998,No data,84.30993000000001,1.7,0.5,6.8,7.800000191,2.4,3.5,3.6,4.3,22.59,1152.18,31
126,100.0,104.0,Rwanda,0.0,4/5/2020 18:24,-1.9403,29.8739,4.0,Rwanda,RWA,4.7,6.0,498.66,17.211,4.62,66.57384,6.1,5.1,5.9,37.90000153,36.8,5.1,5.7,3.1,1.35,130.38,290
127,10.0,10.0,Saint Kitts and Nevis,0.0,4/5/2020 18:24,17.357822,-62.782998,0.0,Saint Kitts and Nevis,KNA,1.9,2.9,201.7,30.776,No data,91.60913000000001,1.5,0,4.5,13.69999981,5.7,3.0,3.1,3.6,25.23,1479.57,No data
128,13.0,14.0,Saint Lucia,0.0,4/5/2020 18:24,13.9094,-60.9789,1.0,Saint Lucia,LCA,2.2,2.9,298.18,18.678,87.2,88.35291,2.0,0.8,5.3,16.60000038,18.1,3.9,4.1,3.4,No data,677.4,48
129,6.0,7.0,Saint Vincent and the Grenadines,0.0,4/5/2020 18:24,12.9843,-61.2872,1.0,Saint Vincent and the Grenadines,VCT,2.0,3.8,282.59,52.198,No data,87.18434,1.7,0,3.8,16.20000076,5.7,3.4,3.1,7.1,No data,409.14,45
130,1863.0,2385.0,Saudi Arabia,34.0,4/5/2020 18:24,23.885942,45.079162,488.0,Saudi Arabia,SAU,2.5,3.7,15.68,83.844,No data,100.0,1.2,0.1,3.8,7.400000095,7.1,3.6,1.1,4.8,23.9,3117.23,12
131,138.0,222.0,Senegal,2.0,4/5/2020 18:24,14.4974,-14.4524,82.0,Senegal,SEN,5.0,6.6,82.35,47.192,20.86,51.47399,5.1,3.2,2.7,45.40000153,11.3,5.7,6.3,2.5,0.69,141.69,315
132,1857.0,1908.0,Serbia,51.0,4/5/2020 18:24,44.0165,21.0059,0.0,Serbia,SRB,3.1,2.7,79.83,56.092,97.72,97.5672,2.4,0.2,6.0,5.699999809,5.7,3.8,2.3,5.3,31.25,1322.56,17
133,10.0,10.0,Seychelles,0.0,4/5/2020 18:24,-4.6796,55.492,0.0,Seychelles,SYC,2.0,3.8,210.35,56.691,No data,100.0,1.7,0.2,7.7,14.19999981,6.5,3.3,4.7,0.6,9.46,1122.56,No data
134,6.0,6.0,Sierra Leone,0.0,4/5/2020 18:24,8.460555000000001,-11.779889,0.0,Sierra Leone,SLE,5.4,7.2,105.99,42.055,19.28,15.652660000000001,5.7,7,4.9,110.5,25.6,7.0,8.2,1.6,0.25,244.04,1360
135,983.0,1309.0,Singapore,6.0,4/5/2020 18:24,1.2833,103.8333,320.0,Singapore,SGP,0.5,4.0,7953.0,100,No data,100.0,0.3,0.4,4.5,2.799999952,2.5,1.1,1.5,2.0,23.06,4083.75,10
136,474.0,485.0,Slovakia,1.0,4/5/2020 18:24,48.669,19.699,10.0,Slovakia,SVK,1.6,2.5,113.29,53.726,No data,97.93813,0.9,0.1,5.6,5.599999905,3.4,2.6,1.8,5.5,24.64,2172.16,6
137,890.0,997.0,Slovenia,28.0,4/5/2020 18:24,46.1512,14.9955,79.0,Slovenia,SVN,1.2,2.4,102.64,54.541,No data,99.10956,0.6,0.1,5.1,2.099999905,2.4,1.7,1.6,8.2,29.95,2772.23,9
138,6.0,7.0,Somalia,0.0,4/5/2020 18:24,5.152149,46.199616,1.0,Somalia,SOM,8.9,6.5,23.92,44.971,9.83,38.33638,9.1,2,4.9,127.1999969,20.6,8.8,9.2,8.3,0.23,No data,732
139,1481.0,1585.0,South Africa,9.0,4/5/2020 18:24,-30.5595,22.9375,95.0,South Africa,ZAF,4.8,4.4,47.63,66.355,43.99,75.7471,4.6,6,5.2,37.09999847,6.2,4.2,5.5,1.2,9.1,1071.35,138
140,1.0,1.0,South Sudan,0.0,4/5/2020 18:24,6.877000000000001,31.307,0.0,South Sudan,SSD,8.1,6.6,17.17,19.615,No data,11.32168,8.8,5.4,7.0,96.40000153,30.9,9.5,9.6,3.3,No data,71.17,789
141,80261.0,130759.0,Spain,12418.0,4/5/2020 18:24,40.463667,-3.7492199999999998,38080.0,Spain,ESP,2.2,2.9,93.53,80.321,No data,99.90423,2.1,0.3,5.3,3.099999905,2.4,1.8,0.2,5.4,40.69,3259.8,5
142,138.0,176.0,Sri Lanka,5.0,4/5/2020 18:24,7.873054,80.77179699999999,33.0,Sri Lanka,LKA,3.7,3.4,345.56,18.476,No data,95.78173000000001,3.0,0.4,5.8,8.800000191,9.0,4.0,4.1,3.9,9.58,491.49,30
143,8.0,12.0,Sudan,2.0,4/5/2020 18:24,12.8628,30.2176,2.0,Sudan,SDN,6.9,6.2,18.02,34.642,23.44,36.57503,6.8,1.4,5.2,63.20000076,20.1,6.7,5.9,4.0,4.1,297.86,311
144,9.0,10.0,Suriname,1.0,4/5/2020 18:24,3.9193,-56.0278,0.0,Suriname,SUR,3.1,3.0,3.69,66.06,67.78,84.45758000000001,2.7,1.1,5.4,19.60000038,8.5,5.1,5.5,1.1,12.27,907.6,155
145,15.0,19.0,Syria,2.0,4/5/2020 18:24,34.802075,38.996815000000005,2.0,Syria,SYR,7.3,3.3,92.07,54.162,70.6,91.22287,7.8,0.5,4.6,17,29.0,5.7,6.3,3.2,12.2,159.72,68
146,16.0,20.0,Tanzania,1.0,4/5/2020 18:24,-6.369028,34.888822,3.0,Tanzania,TZA,5.6,6.6,63.58,33.776,47.95,29.91344,5.9,5.3,6.8,54,30.7,6.2,6.4,2.3,0.4,111.98,398
147,1353.0,2169.0,Thailand,23.0,4/5/2020 18:24,15.870032,100.992541,793.0,Thailand,THA,4.1,3.6,135.9,49.949,90.67,98.75073,3.1,1.3,4.9,9.5,7.8,3.9,4.1,2.5,8.1,635.02,20
148,1.0,1.0,Timor-Leste,0.0,4/5/2020 18:24,-8.874217,125.727539,0.0,Timor-Leste,TLS,4.5,6.0,85.27,30.578,28.18,53.519009999999994,4.2,6.4,4.3,47.59999847,24.9,6.2,6.6,4.9,7.2,121.68,215
149,21.0,44.0,Togo,3.0,4/5/2020 18:24,8.6195,0.8248,20.0,Togo,TGO,4.6,6.9,145.05,41.702,10.47,16.1321,5.2,5.3,5.6,72.90000153,16.1,7.7,6.3,6.0,0.49,99.9,368
150,96.0,104.0,Trinidad and Tobago,7.0,4/5/2020 18:24,10.6918,-61.2225,1.0,Trinidad and Tobago,TTO,2.7,3.2,270.93,53.184,89.44,93.39891,3.0,0.8,5.0,26.10000038,5.5,3.3,2.4,3.2,26.7,2180.52,63
151,547.0,574.0,Tunisia,22.0,4/5/2020 18:24,33.886917,9.537499,5.0,Tunisia,TUN,3.2,4.0,74.44,68.945,78.69,90.92139,1.8,0.3,4.7,13,4.3,4.7,3.8,4.6,12.72,806.34,62
152,25453.0,27069.0,Turkey,574.0,4/5/2020 18:24,38.9637,35.2433,1042.0,Turkey,TUR,5.0,4.2,106.96,75.143,No data,97.29724,4.9,0.1,6.8,11.60000038,2.4,3.2,3.3,2.3,17.61,1089.24,16
153,48.0,48.0,Uganda,0.0,4/5/2020 18:24,1.373333,32.290275,0.0,Uganda,UGA,6.5,7.2,213.06,23.774,21.22,18.47232,6.9,5.9,5.3,49,41.0,7.2,6.5,5.7,0.91,117.11,343
154,1194.0,1251.0,Ukraine,32.0,4/5/2020 18:24,48.3794,31.1656,25.0,Ukraine,UKR,4.7,2.6,77.03,69.352,No data,96.22436,3.9,1.1,3.8,8.800000191,3.5,4.8,4.2,5.1,30.07,534.19,24
155,1644.0,1798.0,United Arab Emirates,10.0,4/5/2020 18:24,23.424076,53.847818000000004,144.0,United Arab Emirates,ARE,1.9,4.4,135.61,86.522,No data,98.586,1.5,0,4.6,9.100000381,2.6,1.9,1.5,1.1,23.94,2546.19,6
156,302.0,400.0,Uruguay,5.0,4/5/2020 18:24,-32.5228,-55.7658,93.0,Uruguay,URY,1.8,2.9,19.71,95.334,No data,96.59619,2.0,0.6,5.1,8.199999809,2.4,2.8,1.2,2.1,50.5,1958.9,15
157,278.0,310.0,Uzbekistan,2.0,4/5/2020 18:24,41.377491,64.585262,30.0,Uzbekistan,UZB,3.1,3.3,77.47,50.478,No data,100.0,1.9,0.6,4.2,22.5,6.3,4.0,3.3,3.0,23.68,416.9,36
158,96.0,155.0,Venezuela,7.0,4/5/2020 18:24,6.4238,-66.5897,52.0,Venezuela,VEN,4.6,3.3,32.73,88.208,No data,93.93502,3.5,1.2,4.9,30.89999962,21.2,4.5,4.8,2.7,No data,940,95
159,35.0,39.0,Zambia,1.0,4/5/2020 18:24,-13.133897,27.849332,3.0,Zambia,ZMB,4.3,6.8,23.34,43.521,13.94,26.37012,5.9,7.4,6.2,60,46.7,6.0,6.1,4.8,0.91,175.18,224
160,8.0,9.0,Zimbabwe,1.0,4/5/2020 18:24,-19.015438,29.154857,0.0,Zimbabwe,ZWE,5.1,4.9,37.32,32.209,36.79,36.2214,5.4,6.1,6.8,50.29999924,51.3,5.9,6.6,4.4,0.76,185.05,443
